org_id remap_id americancasual미니스커트여 0 americancasual점프슈트/오버올여 1 americancasual미디스커트여 2 americancasual코튼팬츠남 3 americancasual숏팬츠남 4 americancasual코튼팬츠남,여 5 americancasual슈트팬츠/슬랙스여 6 americancasual기타바지남 7 americancasual슈트팬츠/슬랙스남 8 americancasual데님팬츠남 9 americancasual롱스커트여 10 americancasual트레이닝/조거팬츠남,여 11 americancasual숏팬츠남,여 12 americancasual점프슈트/오버올남,여 13 americancasual기타바지남,여 14 americancasual숏팬츠여 15 casual코튼팬츠남,여 16 casual데님팬츠남 17 casual코튼팬츠남 18 casual롱스커트여 19 casual코튼팬츠여 20 casual데님팬츠여 21 casual숏팬츠남,여 22 casual미디스커트여 23 casual슈트팬츠/슬랙스남,여 24 casual트레이닝/조거팬츠남,여 25 casual트레이닝/조거팬츠남 26 casual기타바지남,여 27 casual기타바지남 28 casual점프슈트/오버올남 29 casual데님팬츠남,여 30 casual숏팬츠남 31 casual슈트팬츠/슬랙스남 32 casual숏팬츠여 33 casual기타바지여 34 casual트레이닝/조거팬츠여 35 casual미니스커트여 36 casual슈트팬츠/슬랙스여 37 casual점프슈트/오버올여 38 casual점프슈트/오버올남,여 39 chic롱스커트여 40 chic코튼팬츠남 41 chic데님팬츠남 42 chic트레이닝/조거팬츠남 43 chic미니스커트여 44 chic슈트팬츠/슬랙스여 45 chic트레이닝/조거팬츠여 46 chic코튼팬츠여 47 chic트레이닝/조거팬츠남,여 48 chic데님팬츠남,여 49 chic데님팬츠여 50 chic코튼팬츠남,여 51 chic기타바지여 52 chic미디스커트여 53 chic슈트팬츠/슬랙스남 54 chic슈트팬츠/슬랙스남,여 55 chic기타바지남 56 dandy데님팬츠남 57 dandy데님팬츠남,여 58 dandy기타바지여 59 dandy미니스커트여 60 dandy슈트팬츠/슬랙스여 61 dandy데님팬츠여 62 dandy코튼팬츠남 63 dandy롱스커트여 64 dandy트레이닝/조거팬츠여 65 dandy트레이닝/조거팬츠남 66 dandy코튼팬츠남,여 67 dandy트레이닝/조거팬츠남,여 68 dandy미디스커트여 69 dandy숏팬츠남,여 70 dandy숏팬츠여 71 dandy숏팬츠남 72 dandy코튼팬츠여 73 dandy슈트팬츠/슬랙스남,여 74 dandy슈트팬츠/슬랙스남 75 dandy기타바지남 76 formal코튼팬츠남 77 formal숏팬츠여 78 formal기타바지여 79 formal숏팬츠남 80 formal숏팬츠남,여 81 formal트레이닝/조거팬츠남 82 formal데님팬츠남 83 formal데님팬츠남,여 84 formal데님팬츠여 85 formal코튼팬츠여 86 formal미디스커트여 87 formal코튼팬츠남,여 88 formal롱스커트여 89 formal점프슈트/오버올여 90 formal트레이닝/조거팬츠여 91 formal슈트팬츠/슬랙스여 92 formal기타바지남 93 formal점프슈트/오버올남 94 formal트레이닝/조거팬츠남,여 95 formal미니스커트여 96 formal기타바지남,여 97 girlish데님팬츠남 98 girlish트레이닝/조거팬츠남 99 girlish데님팬츠여 100 girlish슈트팬츠/슬랙스여 101 girlish숏팬츠여 102 girlish코튼팬츠남 103 girlish데님팬츠남,여 104 girlish트레이닝/조거팬츠여 105 girlish미디스커트여 106 girlish롱스커트여 107 girlish코튼팬츠남,여 108 girlish기타바지여 109 girlish슈트팬츠/슬랙스남 110 girlish코튼팬츠여 111 girlish트레이닝/조거팬츠남,여 112 girlish숏팬츠남,여 113 girlish기타바지남 114 girlish미니스커트여 115 girlish점프슈트/오버올남 116 golf트레이닝/조거팬츠남 117 golf코튼팬츠남 118 golf데님팬츠남,여 119 golf데님팬츠남 120 golf기타바지여 121 golf코튼팬츠여 122 golf트레이닝/조거팬츠여 123 golf데님팬츠여 124 golf롱스커트여 125 golf기타바지남,여 126 golf트레이닝/조거팬츠남,여 127 golf슈트팬츠/슬랙스여 128 golf슈트팬츠/슬랙스남 129 golf코튼팬츠남,여 130 golf점프슈트/오버올여 131 retro데님팬츠남 132 retro트레이닝/조거팬츠남 133 retro기타바지남,여 134 retro트레이닝/조거팬츠여 135 retro코튼팬츠여 136 retro기타바지여 137 retro트레이닝/조거팬츠남,여 138 retro데님팬츠남,여 139 romantic데님팬츠남 140 romantic트레이닝/조거팬츠남 141 romantic트레이닝/조거팬츠남,여 142 romantic코튼팬츠남,여 143 romantic코튼팬츠남 144 romantic기타바지여 145 romantic데님팬츠여 146 romantic기타바지남 147 romantic롱스커트여 148 romantic미디스커트여 149 romantic트레이닝/조거팬츠여 150 romantic슈트팬츠/슬랙스남,여 151 romantic숏팬츠남 152 romantic데님팬츠남,여 153 romantic숏팬츠여 154 romantic기타바지남,여 155 romantic미니스커트여 156 romantic점프슈트/오버올여 157 romantic슈트팬츠/슬랙스남 158 sports데님팬츠남,여 159 sports데님팬츠남 160 sports숏팬츠남 161 sports숏팬츠남,여 162 sports트레이닝/조거팬츠남 163 sports코튼팬츠남 164 sports숏팬츠여 165 sports트레이닝/조거팬츠여 166 sports슈트팬츠/슬랙스여 167 sports기타바지남,여 168 sports코튼팬츠남,여 169 sports점프슈트/오버올남 170 sports기타바지남 171 sports슈트팬츠/슬랙스남,여 172 sports기타바지여 173 sports미니스커트여 174 sports트레이닝/조거팬츠남,여 175 street데님팬츠여 176 street데님팬츠남,여 177 street데님팬츠남 178 street숏팬츠남 179 street트레이닝/조거팬츠여 180 street숏팬츠여 181 street미디스커트여 182 street트레이닝/조거팬츠남 183 street코튼팬츠남 184 street기타바지남,여 185 street롱스커트여 186 street코튼팬츠여 187 street기타바지남 188 street점프슈트/오버올여 189 street슈트팬츠/슬랙스남 190 street슈트팬츠/슬랙스여 191 street숏팬츠남,여 192 street코튼팬츠남,여 193 street미니스커트여 194 street트레이닝/조거팬츠남,여 195 street점프슈트/오버올남 196 gorpcore코튼팬츠남,여 197 gorpcore데님팬츠남 198 gorpcore데님팬츠남,여 199 gorpcore슈트팬츠/슬랙스여 200 gorpcore롱스커트여 201 gorpcore코튼팬츠남 202 gorpcore기타바지여 203 gorpcore트레이닝/조거팬츠여 204 gorpcore점프슈트/오버올남 205 gorpcore슈트팬츠/슬랙스남 206 gorpcore숏팬츠남 207 gorpcore미니스커트여 208 americancasual데님팬츠여 209 americancasual트레이닝/조거팬츠남 210 americancasual트레이닝/조거팬츠여 211 americancasual기타바지여 212 americancasual코튼팬츠여 213 americancasual점프슈트/오버올남 214 chic숏팬츠여 215 chic숏팬츠남,여 216 chic숏팬츠남 217 chic점프슈트/오버올여 218 chic기타바지남,여 219 dandy점프슈트/오버올여 220 dandy기타바지남,여 221 dandy점프슈트/오버올남 222 formal점프슈트/오버올남,여 223 formal슈트팬츠/슬랙스남,여 224 formal슈트팬츠/슬랙스남 225 girlish점프슈트/오버올여 226 girlish숏팬츠남 227 girlish슈트팬츠/슬랙스남,여 228